deviation,time,gender32.753680051468194,0.812847682119205,Male
28.52590201192822,0.3033953488372093,Male
26.19477198272143,0.4662650602409638,Female
13.844724612410927,0.22828685258964151,Female
29.940367048582893,0.8688235294117643,Male
23.153856164883337,0.25471428571428545,Male
26.061441745577742,0.3215272727272727,Female
26.883063799580224,0.42901041666666667,Male
28.840588352001834,0.2716239316239316,Male
20.849295781915604,0.2763684210526315,Female
24.379003519066423,0.35977777777777764,Male
27.936855158502087,0.3177348066298343,Male
26.24405802575136,0.32080717488789223,Male
32.7801818920877,0.38910958904109577,Male
27.397457235002282,0.34454545454545443,Male
28.176628436050404,0.42718120805369125,Male
25.5650094626593,0.4530841121495326,Male
20.925423355967823,0.32579185520362,Male
32.54462565422439,1.0398591549295773,Female
23.380219394295374,1.3049295774647889,Female
22.81706689095361,0.6163513513513514,Female
22.996719563715185,0.2278145695364238,Male
25.44472763601656,0.345846994535519,Male
32.69510241216827,0.38172000000000034,Male
29.663279727505014,0.36857988165680466,Male
24.333919637353016,0.9524999999999998,Male
24.70176029843785,0.3726923076923075,Female
25.49403673832014,0.23067226890756304,Male
23.871277764066836,0.2565714285714286,Female
32.59119837639779,0.366132075471698,Male
31.852020970919302,0.5882539682539677,Male
35.89426696204293,1.1725301204819278,Female
29.9662437479986,0.5393529411764706,Male
33.50746387688325,0.3945000000000003,Male
19.37879325942682,0.3555102040816325,Female
27.831975594378516,0.24115183246073307,Male
21.070235199283317,0.2984042553191489,Female
23.893241249679228,0.553076923076923,Female
29.47922944661832,0.4276506024096386,Male
27.890249623566824,0.5357931034482757,Female
29.190946733344976,0.8093203883495143,Male
28.638428043632818,0.5901020408163263,Female
26.84257044476025,0.2724858757062149,Male
19.442166055511677,0.3180575539568347,Male
25.830024238042697,0.5681967213114753,Male
26.099673351557264,0.47780898876404476,Female
28.22135569472318,0.8108139534883718,Male
34.92995462965467,0.3861111111111112,Female
31.675578958076667,0.28121827411167527,Male
32.414683215423395,0.6678625954198473,Male
25.259627496569465,0.2738461538461538,Male
27.613608552111348,0.5726666666666669,Female
25.008108123945426,0.35950331125827834,Male
23.035572852163583,0.4589041095890409,Female
31.12482739695843,0.9994047619047616,Female
24.69599405446965,0.3684051724137932,Male
28.77027361825403,0.3346929824561403,Male
22.145796616927658,0.3178947368421053,Female
26.956226065267064,0.7332653061224491,Male
28.100458384652246,0.368740740740741,Female
29.123844956829434,0.2878205128205128,Male
31.81277702008915,0.37880368098159534,Female
25.529808224322874,0.3786821705426357,Female
21.01685467527279,0.2926576576576575,Male
17.311309682672373,0.37352226720647763,Female
37.786649595167916,0.5256896551724136,Male
20.775857659177987,0.41140127388535036,Female
26.37166796332925,0.30365384615384633,Female
21.724916122309928,0.29800738007380084,Male
20.004819085761575,0.33070175438596516,Female
20.67227487106119,0.2826395939086295,Male
28.25559921496643,0.2623414634146342,Male
28.222129858738487,0.32011764705882334,Female
22.338413962711137,0.300625,Male
23.679513077357363,0.5894409937888199,Female
25.64231830670138,0.3657142857142857,Male
25.916862266740345,0.6765517241379313,Female
20.112566689755443,0.335359477124183,Female
30.30248006815203,0.6336206896551724,Female
26.687624908677776,0.5146268656716418,Male
26.440828209125034,0.26146919431279636,Male
27.390551305987433,0.4283941605839415,Male
22.01219585988515,0.27015624999999993,Male
28.10566481006783,0.36241379310344835,Male
24.00831607364209,0.3016455696202529,Male
28.341773496521768,0.3173913043478261,Male
23.981010072883244,0.3758883248730962,Male
22.83850556933764,0.38666666666666655,Male
21.327885839719755,0.1914218009478674,Male
22.805991541523948,0.2677625570776255,Male
26.86516826060365,0.3260759493670887,Male
24.35104063885844,0.1734677419354838,Male
26.157788286115313,0.3158749999999999,Female
24.84782608411855,0.4975000000000001,Female
19.763111812686947,0.2302597402597403,Male
27.639031983827273,0.2176538461538462,Male
22.777443525810785,0.32971563981042656,Male
30.83533681183471,0.38248226950354636,Male
44.477093087906624,0.631,Male
23.89799094491598,0.4635502958579883,Female
28.849858418230674,0.22391111111111106,Male
30.808922702048264,0.3273408239700375,Male
29.656803965516396,0.41972602739726006,Male
25.524755202911116,0.284245283018868,Male
28.233798419032926,0.4859398496240599,Female
26.75497918927171,0.9137499999999997,Female
26.529375140072734,0.5476439790575917,Female
24.50350186323177,0.28827586206896544,Male
25.120000391477415,0.4157299270072992,Female
30.154584581377033,0.6777272727272726,Male
20.843328256967133,0.2975943396226414,Male
23.249451660146903,0.37384615384615383,Male
32.46404111341254,0.3373232323232322,Male
16.23009745558277,0.20536656891495586,Female
29.41891190989016,0.8483809523809523,Male
24.421341851341843,0.20914396887159542,Male
19.3093309408909,0.3318636363636362,Male
26.56228652900968,0.2523904382470119,Male
27.84220630145296,0.4585380116959064,Female
29.86156241116902,0.7199166666666664,Male
39.257128503910664,1.6234848484848479,Male
27.54632599671658,0.373380281690141,Male
24.93748720215539,0.5312213740458016,Female
25.69869183779095,0.29927350427350446,Male
30.89540081827825,0.36986046511627896,Female
28.734292478348983,0.42096153846153855,Female
23.564916350840413,0.6179047619047616,Female
37.2660638804439,0.6354782608695655,Female
24.0344319389395,0.28395348837209305,Male
25.750933266965905,0.47188524590163944,Female
23.613988922595517,0.38469026548672564,Male
24.016648456653805,0.8795454545454544,Male
22.662828911025134,0.28090592334494763,Female
27.075997039139715,0.276605504587156,Male
24.930133492951505,0.2666528925619835,Female
26.79038865664414,0.2978297872340427,Male
29.764196490689592,0.37252293577981654,Male
29.209923805788847,0.37909722222222225,Female
28.317288721725866,0.31514705882352917,Female
24.88430304477109,0.3988414634146343,Female
23.126308683149073,0.409908256880734,Female
28.197069842634058,0.2898802395209581,Male
27.91011920632395,0.4105579399141632,Male
26.830835452840773,0.28614379084967306,Female
36.07536548292585,0.5130177514792899,Male
26.44884885261218,0.7282727272727274,Male
29.69976748060006,0.27704402515723275,Male
22.697688911128473,0.31881773399014773,Male
39.34100237038361,0.40224409448818893,Male
23.836177829579235,0.3040799999999998,Male
28.068364586438175,0.3588297872340426,Female
22.324077204801842,0.4446583850931679,Female
30.98476397875248,0.3894594594594594,Male
26.943574628828717,0.3349681528662418,Female
23.1680850191697,0.31730337078651694,Male
26.952222518701824,0.3249290780141845,Female
32.49278261050535,0.39418181818181847,Female
27.358955281653827,0.42857142857142827,Male
24.26517367844753,0.2671839080459768,Female
30.239315874730636,0.4244324324324325,Male
23.752900409261148,0.3872340425531915,Male
26.861932525421974,0.47876033057851236,Male
29.095916842547535,0.2695918367346939,Male
26.475941161942224,0.3707738095238096,Male
26.69288947609448,0.38761363636363627,Male
27.69326150214282,0.7384426229508199,Male
18.606753936718338,0.3403243243243245,Male
33.56679557431071,0.4268789808917197,Male
27.442817950652145,0.29137820512820517,Female
32.097075050329224,0.5813245033112586,Male
26.425666503675625,0.2605263157894738,Male
21.73377384861289,0.4579141104294478,Female
26.655326830269356,0.3825957446808511,Female
33.779805951478615,0.2070212765957445,Male
26.369760062908213,0.3130769230769228,Male
40.894127250017924,1.2358653846153846,Female
23.99654814664987,0.28893382352941205,Male
27.836457109219484,0.4050581395348838,Female
31.585740596910632,0.3168085106382978,Male
27.14123361847067,0.7608080808080807,Male
27.191351621006362,0.2973743016759777,Male
22.554486221447103,0.31069105691056903,Male
28.946958007376338,0.5044444444444446,Male
23.833492134651827,0.31463636363636344,Male
28.86835985030272,0.44357142857142856,Male
26.831333269363192,0.47809160305343507,Male
38.48435629774452,1.3367741935483868,Male
26.52276905874329,0.4559574468085109,Male
25.143619643717994,0.32162650602409626,Male
29.50310385338055,1.4792857142857143,Male
26.634064068710714,0.3446153846153846,Male
24.348411223895585,0.2788922155688624,Female
23.826501292995754,0.3122842639593908,Female
34.23678484597667,0.3181227436823105,Male
24.539421565472853,0.3365677966101698,Female
28.186961882145294,0.39965811965811965,Male
34.09168224745482,0.9138541666666669,Male
23.149506851232626,0.3472131147540985,Male
25.42597150490779,0.48006666666666686,Female
13.80957899528115,0.266867469879518,Female
31.067638909977223,0.752111111111111,Male
33.00670206347159,0.3675294117647059,Male
28.418897763233705,0.3549197860962568,Female
29.945261294991425,0.4576373626373626,Male
27.55514657753364,0.3695953757225434,Male
23.580546819776195,0.28646464646464675,Female
25.856087260513867,0.34090476190476177,Male
29.506742568002274,0.33330985915492956,Male
24.634509648934223,0.36077844311377244,Male
30.704300076523097,0.4283660130718955,Male
24.27064320854746,0.3531034482758621,Male
34.33193853481723,0.3666834170854269,Male
27.76331632801701,0.48194915254237297,Male
19.224032163523827,0.711567567567568,Female
34.86538324267098,0.9099999999999999,Female
25.104938251755428,1.1486666666666663,Female
32.47920591798503,0.44314159292035377,Male
25.063308531645195,0.2399156118143461,Male
22.505796356144913,0.33914893617021263,Male
25.866822450314274,0.3131176470588238,Female
28.62080686795837,0.3385774058577407,Male
34.94781894983613,0.9587719298245612,Male
31.91626183819818,0.341165644171779,Male
24.855663414088184,0.22785714285714279,Male
24.43859389889201,0.2680373831775702,Female
31.857317500033947,0.45306722689075657,Male
29.339283595039543,0.5557264957264958,Male
29.535224366607693,0.807768595041322,Female
19.22114900631441,0.2860317460317459,Male
36.33800435362109,0.3464094955489617,Male
23.518247204223332,0.44642487046632107,Female
32.368704533044145,0.4988686131386864,Male
23.73813449440516,0.2786752136752139,Female
25.29739839896946,0.41946666666666665,Female
28.44250893563143,0.7221839080459773,Female
30.313523331663863,0.4769281045751636,Female
25.221123867907945,0.7687254901960782,Male
28.42415483025819,0.5042857142857141,Male
24.605818222126498,0.2504371584699454,Male
20.747056675105778,0.3058235294117645,Male
28.781537835280027,0.3963186813186813,Female
23.24156421694546,0.44629870129870103,Female
29.873414314001078,0.7203378378378376,Male
23.65570982275285,0.3280681818181821,Male
31.27765483072219,0.25913461538461535,Male
32.49122634738279,0.6880434782608696,Male
20.027956100754338,0.3110671936758893,Female
26.333793962001856,0.5828767123287669,Female
23.822782695397034,0.35268115942028994,Male
30.366825690737453,0.34671378091872784,Male
33.6327866442107,0.7886407766990293,Female
23.0044331282338,0.2945922746781119,Male
22.557845442482936,0.38273584905660396,Female
26.17753420139329,0.3434507042253523,Female
27.551088103449892,0.8363076923076921,Male
28.994964510405556,0.47036437246963586,Female
31.800748462754598,0.29234146341463413,Male
28.928371304711927,0.3210662824207491,Female
34.63904350852051,0.643529411764706,Male
21.125323399494118,0.2952604166666665,Male
18.23537572507527,0.353151515151515,Female
22.193059794799556,0.35612903225806436,Male
22.670374678782384,0.3806521739130435,Female
26.884984424226847,0.304277108433735,Female
23.964871395579532,0.32330097087378656,Male
21.863566844384504,0.28967320261437907,Female
22.970860768147705,0.24559322033898295,Male
23.47578479535827,0.6043548387096774,Female
31.192294622206482,0.26292237442922356,Female
25.573086052182163,0.27470319634703216,Male
23.438134773737968,0.35828054298642537,Female
22.912372664436607,0.3255778894472361,Male
25.842943741455315,0.6471241830065358,Female
25.05409389992722,0.2695408163265305,Male
29.29770566414282,0.6180952380952381,Female
24.027974247194724,0.55928,Male
28.435939040632274,0.44537414965986405,Male
26.23957095029019,0.40247368421052615,Male
24.78994481335047,0.28346456692913385,Male
20.81866448975623,0.3607755102040815,Male
22.13485062760821,0.2505188679245282,Male
23.8371083474228,0.31092165898617513,Male
19.982072469171957,0.27282511210762334,Male
23.600030790027073,0.3406185567010309,Male
23.715755096596176,0.22600917431192674,Male
25.22441776796758,0.4174846625766872,Female
28.166473856247,0.29128654970760237,Male
28.69986277104593,0.2268992248062015,Male
23.97893613701373,0.2812167300380227,Male
22.93683698933929,0.835414012738853,Female
21.2371790229462,0.2884393063583815,Male
44.43117144832295,0.9668421052631581,Male
23.66109480235041,0.3551851851851852,Male
30.729528985496625,0.3953804347826086,Male
24.86969733916345,0.33795539033457256,Male
25.296941755509536,0.4310743801652892,Female
28.683734812949236,0.21619999999999986,Male
31.127484555497464,0.49900662251655625,Female
32.9703161101272,0.4021374045801526,Male
24.78175491675389,0.2711049723756907,Male
33.59485439736684,0.3455416666666665,Male
30.72920134659508,0.5007920792079207,Female
30.80580472687484,0.5134042553191491,Female
20.991386442336132,0.3916230366492147,Male
24.052391684858172,0.40974999999999995,Female
33.30534828922989,0.4713636363636361,Male
23.144957860907912,0.4446,Female
23.25101251304555,0.3722488038277513,Male
30.060003603426146,0.34261146496815287,Male
35.532823115582,0.557183908045977,Male
26.061404911536645,0.5560784313725486,Male
25.490293308666146,0.17918918918918914,Male
26.25405081697588,0.7243010752688175,Male
26.910901202825286,0.23670289855072457,Male
25.629333141868027,0.4456,Female
25.15734465415528,0.5327500000000002,Female
31.288056019963623,1.4957831325301205,Male
24.819832143088576,0.3467114093959731,Male
22.996530138286616,0.6196774193548387,Female
25.076583771944197,0.32173611111111117,Male
30.981849666551952,0.3315859030837003,Female
23.85268750091903,0.32795454545454555,Male
18.318570607187603,0.5626605504587154,Female
34.53404079206161,0.5367857142857144,Female
29.00862977322021,1.0765354330708663,Male
22.361925573474533,0.5232110091743118,Female
21.595964666892986,0.3888648648648647,Male
23.887405130756928,0.279256756756757,Female
22.11493157589295,0.31157894736842107,Female
26.43759327561238,0.21704347826086964,Male
33.13595043791346,0.4260645161290323,Female
26.919325457934818,0.29362549800796806,Male
28.65758408383117,0.309922480620155,Male
25.182445102140075,0.33426751592356674,Female
26.146875930269434,0.3288815789473684,Female
24.69483663190714,0.31621004566210037,Female
23.430517452799503,0.3043333333333334,Female
29.83707327369542,0.29818604651162794,Male
25.84021485932952,0.35595505617977513,Male
32.34550299501407,0.3259887005649717,Male
43.815176102672936,0.4507913669064746,Male
22.819517831853485,0.7826923076923078,Male
28.074111231901334,0.3967415730337079,Male
23.32900464594945,0.35088888888888886,Male
37.89759012814549,0.40870370370370357,Male
24.679139555821163,0.35822222222222255,Male
28.399077717551794,0.3346073298429316,Female
22.508613975688174,0.39809278350515487,Female
29.151151097405084,0.35130630630630627,Female
25.256789433301584,0.3198156682027647,Female
28.251637883103477,0.25892703862660954,Male
24.275241638037873,0.3275098814229248,Female
29.935329186259157,0.4000431034482758,Female
25.147111575957183,0.324235807860262,Male
26.76877013523183,0.5089473684210526,Male
29.695850590595256,0.35467336683417083,Male
24.477451662892953,0.38355555555555537,Male
26.214109883243854,0.3202525252525252,Male
27.679354837836325,0.31364779874213833,Male
26.27540076245869,0.34937142857142856,Male
32.76120765804347,0.5194413407821227,Male
20.848731179107524,0.6225274725274724,Male
22.269800888472524,0.31168421052631573,Male
26.707690073138714,0.31069387755102057,Male
28.795699620339757,0.27537815126050413,Female
34.579700307192056,0.6917333333333334,Male
39.5941781905255,0.29010471204188504,Male
21.36163396575772,0.5318343195266267,Female
26.05627256164195,0.40399999999999997,Female
19.79713446604227,0.3065999999999998,Male
24.0440491022051,0.27870689655172404,Male
39.12259814108227,1.2979347826086962,Female
24.653962966394193,0.6679012345679012,Male
21.984134891591253,0.4264550264550265,Female
26.656872522506166,0.3137172774869109,Male
25.46606237358082,0.6732061068702287,Male
26.29434329614649,0.31107623318385647,Male
22.049847288814984,0.2573190348525471,Male
28.679222152005334,0.5185897435897439,Male
24.26826229429967,0.32664974619289344,Male
30.97127596190915,0.403025641025641,Male
23.761450636356102,0.3297560975609756,Male
39.08590738892132,1.2477272727272728,Male
25.604556972904145,0.4043173431734317,Male
33.17490466808654,0.3510526315789475,Female
31.094841370163813,1.3614423076923072,Male
28.248199555857287,0.31627027027027027,Male
21.289611074694488,0.40972413793103424,Female
22.345954602581017,0.3031097560975609,Female
32.87877108511908,0.24165991902834003,Male
23.04413921218881,0.4215469613259669,Female
25.43207324131922,0.4136627906976743,Male
34.3242189970914,0.7895789473684212,Male
24.639128248072666,0.30115577889447237,Male
25.28749454861439,0.3985164835164833,Female
16.937906932322605,0.2693233082706767,Female
31.987130848557676,0.8819090909090911,Male
28.168819046846835,0.32233766233766253,Male
19.064707285829872,0.29106109324758855,Female
29.45245570828977,0.4737297297297295,Male
27.470668185879326,0.3028048780487805,Male
22.503343536942026,0.430844155844156,Male
27.402579652817618,0.3615492957746478,Male
22.838253499344933,0.33267175572519087,Male
31.275542987558477,0.44057894736842085,Male
33.918397491528154,0.44438423645320196,Male
24.694884871489247,0.3392307692307691,Male
32.31687951172823,1.3058823529411763,Female
29.342490424817115,0.535837104072398,Male
21.74473057307649,0.6641592920353979,Female
20.974250539282227,0.31889502762430927,Male
26.48162749180784,1.1721428571428572,Female
32.87885366340068,0.444583333333333,Male
30.64453212543148,0.3453293413173652,Male
23.580658773947945,0.37065934065934064,Male
24.38086821279568,0.35862068965517224,Female
25.793902181141316,0.2731060606060607,Male
33.11773456602119,1.0925301204819278,Male
33.39594008354493,0.3842364532019704,Male
31.19204503662405,0.6760526315789473,Male
26.19262324702519,0.2594267515923568,Female
26.589517464188226,0.40692946058091306,Male
34.42514180951628,0.35634241245136206,Male
26.804008373092923,1.0066371681415927,Female
25.645485773532894,0.26241545893719814,Male
24.0014444636523,0.34601036269430074,Female
20.309990231928573,0.37447761194029816,Female
34.139754487680726,0.5224548736462099,Male
25.842761324799586,0.49171641791044746,Female
23.760148060528454,0.48832214765100657,Female
27.356448948132716,0.8613580246913576,Female
24.94301815886816,0.2973056994818649,Male
25.242229090378398,0.6443949044585987,Male
25.467145729111262,0.5453896103896103,Male
25.501729976053007,0.46320512820512816,Female
21.73852584989798,0.31796460176991165,Male
33.14800767441139,0.43076023391812873,Female
34.32608752206744,0.3110223642172525,Male
29.522328674680352,0.7586776859504132,Male
27.46555633685747,0.30519685039370087,Male
19.82831395392224,0.6346226415094339,Female
29.306856028009726,0.6128169014084507,Male
18.12170719316431,0.33242990654205606,Female
33.74674129770206,0.671953125,Female
22.206235799611516,0.40869822485207086,Male
29.762282713053906,0.33766784452296833,Male
26.33927705709018,0.4311728395061729,Female
21.84746923782687,0.3217441860465117,Male
22.56308843288265,0.36634980988593163,Female
28.692017504929904,0.2872803347280332,Male
27.14838893700717,0.7847199999999999,Male
28.728422147040533,0.4526905829596413,Female
20.458885687971758,0.2662545454545456,Male
25.83343282520335,0.25535135135135145,Female
41.75527939324751,0.9516666666666667,Male
23.698505709620857,0.33408333333333334,Female
19.35326641080293,0.3573809523809525,Female
19.60306487583825,0.3376548672566373,Male
23.985840297415866,0.50512077294686,Female
27.40024544874697,0.3034632034632035,Female
24.519147272766077,0.30831541218637987,Male
34.54978909482465,0.43308695652173923,Female
26.636075567077686,0.2416666666666668,Male
23.41907469428699,0.6619491525423725,Female
22.558186756381403,0.38397489539748975,Male
24.323707152289067,0.3021461187214612,Male
24.00387256382742,0.3694152046783625,Female
23.737119049991257,0.6372413793103446,Female
20.792118242446538,0.5757017543859648,Female
25.306895813188994,0.24039823008849576,Male
24.383617295955066,0.3029756097560975,Male
26.810130177742316,0.6260563380281691,Male
28.289625499490395,0.4127777777777776,Male
24.087044738954514,0.28536480686695265,Male
24.222407096712573,0.27289719626168235,Male
24.57412526040623,0.39736842105263126,Male
24.117404634146975,0.3488059701492536,Male
30.10450078306944,0.283640350877193,Male
20.52670131648505,0.24705069124423956,Male
26.675386232240562,0.33884,Male
23.973274987425086,0.19583629893238425,Male
28.831344398846102,0.35836257309941527,Female
23.499631310660124,0.5943209876543208,Female
26.298421392507812,0.22295833333333342,Male
26.11360394269972,0.2691812865497076,Male
20.291089219225842,0.3329050279329608,Male
19.831381588325893,0.24306532663316574,Male
43.51100782912536,1.0489523809523813,Male
22.079536504995684,0.383841463414634,Female
28.611138804153263,0.33280000000000004,Male
24.170649800735912,0.3143749999999998,Male
31.38130063549433,0.36458333333333315,Male
29.15300536241904,0.22403314917127065,Male
24.37936826367982,0.5505405405405405,Female
25.057353077982732,1.0071084337349394,Female
23.90861663236954,0.2648701298701297,Male
25.22984070158786,0.31372670807453407,Male
27.18806092691677,0.47457894736842104,Female
26.161830410108834,0.48902654867256623,Female
20.01591135575458,0.2996624472573838,Male
22.550920910566045,0.4199404761904761,Male
28.175797323501165,0.5163157894736842,Male
18.83772736865052,0.2752232142857142,Female
25.40486325528202,0.6026956521739127,Male
27.483587686189452,0.2649333333333334,Male
25.921542082541734,0.47194092827004214,Male
22.47638016516191,0.3016374269005848,Male
25.845914967721782,0.20527343750000002,Male
26.971135062955646,1.031954022988506,Male
26.491482187439022,1.1680851063829785,Male
26.134381467182294,0.3834854771784233,Female
26.070093555356188,0.4528758169934638,Female
26.30983678989018,0.31150000000000005,Male
24.901370161714677,0.3452694610778443,Male
26.968142512908297,0.5544078947368418,Female
19.70037972150743,0.4869724770642203,Female
30.086129471463632,0.3385581395348836,Female
23.720248588998214,0.2661249999999999,Male
20.732756661622364,0.6006060606060607,Female
39.18825167627049,0.6085128205128202,Female
32.187324287631185,1.2835526315789474,Male
26.67918581961577,0.4339170506912443,Female
24.014862212054858,0.37575581395348817,Male
26.595081563927003,0.27569023569023576,Female
27.210155065865358,0.341326781326781,Male
26.781597023855973,0.1777177177177176,Male
32.94681822327761,0.3834615384615386,Female
21.9939100082368,0.29565656565656573,Female
24.89840343102408,0.3102542372881354,Male
25.89278503618219,0.35653266331658273,Female
30.577490474802914,0.3316384180790959,Male
25.016681411509104,0.2978695652173913,Female
24.152805429200576,0.3111666666666665,Female
43.2874394196589,0.47341463414634133,Male
25.312201092456636,0.34942708333333333,Male
26.7110025934521,0.320879120879121,Male
22.40695982992844,0.41578651685393253,Male
29.697991720481124,0.8152985074626867,Male
26.09200199118062,0.3229090909090908,Male
26.273673934786714,0.39586080586080646,Female
34.06974181231378,0.3976262626262627,Male
29.452114165448,0.33873563218390773,Male
23.516257121572373,0.46588235294117625,Female
24.12286131050564,0.4144604316546761,Female
28.049701018003883,0.34217241379310315,Female
27.04342239909736,0.4735135135135135,Female
29.368053145188256,0.2767487684729066,Male
24.072647720131652,0.31526143790849676,Female
28.67508630777816,0.30924050632911376,Male
21.699100962260307,0.33353293413173646,Male
27.257601057170014,0.4921461187214611,Male
31.600114271952737,0.3220202020202018,Male
21.933913999930944,0.4563309352517986,Male
26.38805401473164,0.3618584070796464,Male
24.69700899936285,1.266417910447761,Male
27.486741870649276,0.37145833333333333,Male
30.622812660305385,0.4963013698630139,Male
23.228104037815672,0.20959259259259236,Female
21.75243242172462,0.29324786324786334,Male
25.701509404629462,0.3020930232558139,Male
22.429075865342853,0.5123684210526317,Female
36.454626392144334,0.604035087719298,Male
34.80666500871639,0.24660098522167503,Male
19.09020536143417,0.31662650602409614,Male
23.63518273529725,0.37124999999999986,Female
22.790785397101917,0.29673267326732666,Male
19.883347233828715,0.4295145631067961,Female
31.643993799082573,1.2128571428571426,Female
23.233127109945247,0.8899999999999996,Male
23.012065953590255,0.4249720670391063,Male
29.091203852403165,0.27446808510638304,Male
28.214112137078047,0.5542941176470587,Male
24.08363416477614,0.5157407407407409,Male
23.454047938579695,0.2579668049792531,Male
28.36731483130943,0.5448507462686568,Male
36.586664879791854,1.497972972972973,Male
34.10033082429546,0.41217391304347845,Male
22.17699858604291,0.3122222222222221,Male
31.951964053229297,1.3772277227722771,Male
25.594440602762653,0.3995121951219515,Male
28.225196939245464,0.30958174904942964,Female
21.315704247598003,0.34188940092165854,Female
28.383489878803598,0.3270370370370369,Male
24.915803430845862,0.41010791366906507,Female
28.54511881881004,0.39022935779816514,Male
25.52146821227714,0.3554819277108436,Male
22.94526088292168,0.38017647058823545,Female
17.181838746518398,0.3163636363636362,Female
31.408951564614377,0.7783928571428566,Male
26.563079931716096,0.28532967032967055,Male
30.600063149947506,0.3459146341463412,Female
27.258829719379875,0.6427642276422764,Male
27.339781423857318,0.308834355828221,Male
19.784817557973078,0.3065625000000002,Female
27.01934349476589,0.431970802919708,Male
25.980187418063693,0.3532911392405064,Male
27.622453696834587,0.36433962264150915,Male
28.764666445920454,0.34041176470588236,Male
26.937360709975348,0.35695652173913023,Male
29.65981136921144,0.3911392405063295,Male
32.22437892658827,0.39056122448979613,Male
21.499672816643095,0.3543783783783785,Male
31.89316039047672,1.5602083333333334,Female
29.010928248332807,0.4995209580838327,Male
22.2773359907676,0.6432258064516126,Female
24.504924668908487,0.2659071729957804,Male
31.021492068080672,0.98536231884058,Female
30.29877377671655,0.41467836257309937,Male
26.225250045879783,0.34927272727272723,Male
22.253951678818865,0.3618229166666665,Male
22.954512153365734,0.37981707317073155,Female
25.131105673748483,0.2562737642585549,Male
26.84845692349873,0.9590624999999999,Male
33.64778774810868,0.34841584158415845,Male
30.931303942599243,0.6344554455445544,Male
23.46259698328688,0.27368181818181814,Female
27.76701906659711,0.37429347826086984,Male
32.40977922637362,0.3644239631336409,Male
34.65560642401363,1.0506097560975614,Female
22.299995124888607,0.25204878048780494,Male
22.457334473142854,0.33389671361502343,Female
22.346777793598527,0.38171875,Female
32.57182009270493,0.4550798722044731,Male
30.334237732225773,0.5101176470588233,Female
25.6547388874452,0.587142857142857,Female
28.580713392634713,0.6484827586206894,Female
25.71323117883456,0.29548611111111117,Male
28.31639999873221,0.6772611464968148,Male
26.073268622957524,0.671656441717791,Male
25.48098072434214,0.5303896103896105,Female
21.320572540953496,0.3062845849802369,Male
30.10630271683699,0.4490751445086707,Female
29.470373055617685,0.30881856540084396,Male
29.320393580433926,0.776218487394958,Male
24.345781909334168,0.33453271028037396,Male
23.832258851886056,0.6305844155844155,Female
28.928516550278733,0.5568000000000002,Male
23.784290396077395,0.4285581395348837,Female
32.324856706322485,0.8179816513761465,Female
24.743607251911797,0.37074626865671617,Male
27.059929236393078,0.3454377880184333,Male
27.877090856402656,0.3481290322580644,Female
21.991041060905896,0.30393442622950817,Male
24.582810855532358,0.45737588652482286,Female
29.52904157692702,0.31073863636363636,Male
30.249235507440314,0.8343478260869563,Male
28.091299394296108,0.39250000000000007,Female
20.29345887366044,0.27062240663900416,Male
26.596162226658116,0.3177821011673152,Female
34.52558403637343,0.8891304347826087,Male
16.11958442100734,0.2815254237288137,Female
18.353863942567987,0.3346551724137931,Female
21.080988604136472,0.3279365079365077,Male
20.13960564683147,0.46005050505050504,Female
28.076132035570513,0.3347738693467339,Female
27.56204008866842,0.25582802547770706,Male
34.664204853651555,0.3403157894736841,Female
27.127218162065056,0.22362711864406776,Male
20.68513467871659,0.4265060240963853,Female
22.031923340701447,0.3775480769230768,Male
23.22864873560434,0.26824390243902446,Male
23.4889103196601,0.3668776371308017,Female
24.850160625398598,0.6379166666666666,Female
25.275082059927602,0.5951376146788991,Female
29.46868509227559,0.25701492537313436,Male
25.921750817235136,0.3264024390243902,Male
23.80835296023683,0.5437668161434978,Male
27.289867407940555,0.3500943396226415,Male
21.945303186433964,0.3160416666666665,Male
25.56338999939517,0.26965517241379305,Male
20.27852729408403,0.35447852760736187,Male
23.98485880902781,0.35857142857142876,Male
28.259975679058343,0.30040816326530634,Male
21.42149367811262,0.25396039603960385,Male
26.31487162110363,0.31379661016949156,Male
22.55822498059286,0.19752100840336134,Male
27.917479971825546,0.3378488372093024,Female
22.826351819216697,0.6528395061728396,Female
29.134924031355794,0.22157517899761314,Male
24.514149888141358,0.23794871794871816,Male
22.754745726934186,0.38460732984293167,Male
22.05648200472324,0.27073170731707313,Male
40.889738225401466,0.7221052631578948,Male
22.012337855106615,0.37627118644067803,Female
30.251043075205327,0.3074208144796379,Male
24.500001742409626,0.27422480620155026,Male
29.329831252463393,0.3829702970297029,Male
31.391780018120045,0.2095769230769231,Male
27.522721968708925,0.4814772727272727,Female
28.333949663811467,1.0430952380952374,Female
24.551051007288493,0.25286995515695065,Male
23.202248855378635,0.2941851851851852,Male
26.139883851159983,0.42077490774907783,Female
24.49668262639089,0.565730994152047,Female
18.841439262119657,0.2646724890829693,Male
22.2404554550888,0.35363281249999984,Male
31.73346027523198,0.5363551401869161,Male
18.363809492449064,0.3015589353612168,Female
30.9614023543574,0.6716037735849056,Male
24.24586100678872,0.23186813186813146,Male
26.125190243937748,0.37591160220994463,Male
26.59668959796157,0.2833730158730158,Male
24.4986810396318,0.17662499999999995,Male
27.96804672386321,0.7111874999999996,Male
33.22093468357873,1.2286486486486488,Male
30.491292749167208,0.45797202797202796,Female
27.297628862694456,0.446204379562044,Female
26.566146984628567,0.27008510638297856,Male
24.811799978793974,0.3488927335640137,Male
29.720985352609,0.5635624999999999,Female
19.343042498399168,0.522222222222222,Female
28.73698973791436,0.3020242914979756,Female
24.06934693886743,0.31407692307692303,Male
24.4978634886851,0.560258064516129,Female
36.524202396468944,0.4991199999999998,Female
27.840514234349317,0.8389000000000002,Male
28.790338104612495,0.41404000000000013,Female
24.51349797811898,0.35473429951690816,Male
26.124268583723158,0.2881212121212122,Female
27.634559586805423,0.3199999999999997,Male
26.973382015769136,0.1836531365313654,Male
30.24591239311743,0.3656399999999999,Female
23.91031563814468,0.2555891238670697,Female
25.314530282344307,0.29046583850931673,Male
25.022333261869413,0.3776160990712076,Female
27.032043008370678,0.2541304347826085,Male
29.738678737320487,0.3015708812260534,Female
25.461415829439076,0.29736263736263724,Female
33.69061318556683,0.433956043956044,Male
28.8843621889024,0.32087999999999983,Male
27.948623935124733,0.3268281938325991,Male
22.653173258091723,0.36760563380281697,Male
27.25175079827508,0.8135999999999999,Male
22.584635344504267,0.3320571428571429,Male
26.06278519280362,0.38291479820627805,Female
36.06329036169563,0.3630327868852462,Male
27.011269405072806,0.33984615384615424,Male
27.44362085322005,0.3752083333333334,Female
21.66655231535501,0.46139784946236523,Female
27.419379673811786,0.3479939209726447,Female
29.02172084560027,0.46056768558951966,Female
28.64584597402296,0.2789041095890412,Male
23.352996158749505,0.32365771812080507,Female
26.14794339971617,0.363939393939394,Male
25.131625139764513,0.38626126126126137,Male
27.194177928008532,0.5266929133858269,Male
28.297283085539725,0.3339080459770114,Male
27.709380973370866,0.3561827956989246,Male
24.190360592893924,0.3551304347826091,Male
25.644462242784247,1.0765263157894738,Male
30.181410958467055,0.38924398625429574,Male
32.036131482225585,0.4831055900621118,Male
25.77292204574439,0.21185975609756075,Female
22.799750705533814,0.2747715736040612,Male
28.43557595523793,0.2530769230769228,Male
22.09061482137053,0.4268449197860963,Female
37.20356947810902,0.5428999999999998,Male
32.9057429632501,0.21489711934156386,Male
22.04133515092906,0.2840624999999999,Male
22.230169980945764,0.34912162162162136,Female
24.445027484911563,0.29514492753623184,Male
24.71582628761728,0.3597826086956521,Female
34.13240673740067,0.8237179487179487,Female
25.855521665226895,0.9140789473684204,Male
25.75776505419384,0.38242774566474,Male
28.65449103143608,0.2563186813186813,Male
28.133542505338824,0.5003977272727272,Male
24.113794130599857,0.48974999999999996,Male
23.211944217233512,0.2230729166666667,Male
29.94647077598528,0.535748031496063,Male
38.56579101635291,1.3742857142857143,Male
32.81693386248569,0.37185185185185193,Male
22.814625817023668,0.300050505050505,Male
31.494752217145628,0.9423188405797105,Male
29.989224418922234,0.33061538461538453,Male
28.753927827606233,0.2866666666666665,Female
22.081874058149857,0.32486842105263175,Female
29.404161189717446,0.30772727272727285,Male
23.83752630742588,0.44258503401360544,Female
25.132333689633164,0.39999999999999997,Male
27.62056622094241,0.31928205128205134,Male
27.509571056751483,0.4127692307692307,Female
16.852899299517187,0.2568246445497629,Female
35.67369242934874,0.7222352941176469,Male
25.72241392686166,0.2613333333333336,Male
24.185729982889832,0.2952857142857142,Female
30.055562708585924,0.6256976744186046,Male
27.595314724032775,0.29715083798882685,Male
21.15213814750118,0.29089820359281443,Female
27.43539092333245,0.39448,Male
29.534220590154042,0.32891304347826084,Male
25.71866369537623,0.3542261904761904,Male
27.835426147300257,0.3411693548387099,Male
25.84195029663993,0.40226950354609897,Male
32.415983125961155,0.44658436213991803,Male
31.55782231228327,0.3877844311377246,Male
26.107160537087275,0.3640425531914896,Male
36.68898647497857,1.1622222222222223,Female
27.696399561650114,0.45435897435897443,Male
23.70908331371947,0.5680402010050247,Female
23.98518341096623,0.25372641509433974,Male
35.356183178183954,1.1769767441860464,Female
29.738727168441955,0.3769230769230769,Male
27.42848782193965,0.33559139784946224,Male
27.14489153915712,0.3161842105263157,Male
26.598480526890228,0.38533742331288323,Female
25.39327982364866,0.21893203883495138,Male
30.91017887741744,1.1596296296296293,Male
35.239446757949516,0.3887258687258686,Male
31.700991761945716,0.5698924731182796,Male
23.438720781638423,0.30230769230769233,Female
27.229049566066568,0.4532432432432436,Male
29.51004237239257,0.39386266094420613,Male
29.562516893763075,0.9121428571428573,Female
24.022515449606132,0.2774719101123598,Male
22.84338482147314,0.2854022988505747,Female
22.42678339434362,0.3868595041322314,Female
29.96791829217826,0.49210280373831816,Male
26.294160387048354,0.47270270270270265,Female
29.215171186008828,0.5864062499999999,Female
25.15361991841735,0.42684782608695643,Female
25.909777726553532,0.2748251748251747,Male
25.715389591643504,0.7575700934579438,Male
27.269933581318345,0.5257391304347827,Male
25.986907305009172,0.6130999999999999,Female
22.08411371654286,0.30361502347417835,Male
32.57128497252155,0.412980132450331,Female
27.010518380057295,0.2358045977011493,Male
30.392851885092302,1.0312328767123284,Male
23.78901675606602,0.350096153846154,Male
26.467970244876582,0.6617021276595747,Female
32.01625163361489,0.448828828828829,Male
23.832809391990118,0.4799166666666666,Female
33.991938302043884,0.9215789473684207,Female
22.349872654644003,0.32549999999999996,Male
30.589483643371903,0.349914163090129,Male
25.671739573413944,0.362409638554217,Female
21.613363736156096,0.29926174496644303,Male
25.621721768803635,0.3995689655172414,Female
33.092243042942464,0.3190000000000001,Male
28.593537390923174,0.8474796747967474,Male
30.37001882343453,0.4391269841269841,Female
21.357305176028813,0.2604733727810652,Male
23.993402202292824,0.30962406015037597,Female
37.42885967943035,0.8169090909090911,Male
19.61173155375621,0.3048130841121494,Female
18.481342474335293,0.34452554744525526,Female
22.240832753919236,0.3627922077922079,Male
21.35318469164419,0.41666666666666635,Female
27.945469591370497,0.302247191011236,Female
28.58142287088913,0.2657352941176471,Male
28.586059927587243,0.37235772357723584,Female
26.299982687214012,0.23617117117117117,Male
21.399615517380468,0.5025,Female
24.627518555569385,0.33104477611940303,Male
24.610747602308397,0.29367567567567565,Male
22.9944678819854,0.3492105263157896,Female
21.652280510967454,0.509208633093525,Female
24.990904529796172,0.5176760563380282,Female
29.51025995517331,0.2517424242424242,Male
26.468401475708035,0.32818713450292386,Male
26.189517771183215,0.46837037037037016,Male
28.539483544925407,0.3692941176470588,Male
24.44676237652447,0.2839130434782608,Male
24.371212770895525,0.26763157894736855,Male
22.320694574305858,0.3758015267175573,Male
25.056675503689824,0.3016463414634145,Male
26.148020395348453,0.2816564417177913,Male
22.055071215373985,0.23967032967032972,Male
24.546491158470143,0.33957219251336873,Male
24.1416476677159,0.20535087719298242,Male
29.120883609926,0.24999999999999994,Female
24.100155489475515,0.5752631578947367,Female
27.945588764913527,0.264468085106383,Male
26.518219460215818,0.22993506493506496,Male
22.67479197530404,0.3412844036697249,Male
20.532199535025075,0.22950276243093914,Male
43.198416933312856,0.7080412371134019,Male
25.636376319193083,0.35423913043478256,Female
31.811373469463796,0.300354609929078,Male
23.68720071876498,0.30426751592356677,Male
30.896907607167293,0.4713559322033898,Male
29.997436233197714,0.2327666666666667,Male
25.614191583146035,0.4298373983739838,Female
29.57130933577025,0.5806250000000002,Female
25.888974257416983,0.252,Male
25.558203897410486,0.2985344827586207,Male
25.732747579136845,0.41347826086956535,Female
28.398514340301084,0.5504854368932037,Female
19.906718260624046,0.3574301675977651,Male
22.43767921797717,0.3385064935064935,Male
28.638959226267804,0.5247863247863249,Male
19.414571810223638,0.24738197424892705,Female
32.92714600978611,0.8670769230769231,Male
45.114023224573195,0.4498734177215192,Male
25.096652085217013,0.36830097087378666,Male
27.265349552708223,0.2718934911242602,Male
27.04289726412907,0.18519553072625697,Male
28.89880585317637,0.6357575757575757,Male
33.19327517707565,1.0631081081081075,Male
30.33542179768346,0.4536792452830189,Female
26.651328595728174,0.45848484848484844,Female
22.188288444200055,0.29234848484848475,Male
23.998973654808047,0.30656249999999985,Male
28.412545479381293,0.5523255813953489,Female
18.02339142324511,0.6001075268817204,Female
28.04086962303772,0.29945544554455444,Female
23.740726584213654,0.30121457489878545,Male
23.374253840554754,0.5617094017094015,Female
36.21095570593468,0.5273988439306356,Female
28.000604793160733,1.025211267605634,Male
26.0628189245341,0.37046808510638257,Female
23.551994639812346,0.28583333333333333,Male
22.532655414688186,0.2758035714285715,Female
26.416928225856743,0.26849802371541504,Male
27.562780106946317,0.15922178988326832,Male
31.466184448883322,0.3747692307692309,Female
22.510333764196243,0.26038709677419347,Female
26.314706606430878,0.27520710059171577,Male
23.386169234361248,0.37643835616438337,Female
25.013871436011407,0.2709278350515462,Male
24.68871142357386,0.26897058823529424,Female
25.835017958945407,0.29386934673366827,Female
38.10044199568782,0.5134782608695653,Male
23.94829368145372,0.29298969072164954,Male
31.329314449616803,0.3431382978723401,Male
22.827256466751184,0.35112903225806447,Male
28.248855138318774,0.8522033898305084,Male
25.596019692295254,0.3068877551020408,Male
26.424056971104896,0.36941935483870963,Female
36.20336711541762,0.3813095238095238,Male
30.394185452041242,0.35619047619047617,Male
25.218954085604793,0.4133333333333333,Female
22.841727675056827,0.4297005988023951,Female
27.69744484840018,0.3435609756097556,Female
30.10840233680182,0.43705882352941183,Female
28.45675906859263,0.26565217391304363,Male
27.48814084158314,0.2994581280788176,Female
30.80713503219341,0.3209375,Male
26.990110269974377,0.34719696969696967,Male
29.08232205377675,0.3348305084745763,Male
29.76641463773052,0.2962773722627738,Male
27.77380673528143,0.5404347826086957,Male
26.036626473502295,0.3980816326530613,Male
26.898200954449166,0.936136363636363,Male
26.34752896995998,0.38078431372549026,Male
32.28476325931528,0.5123134328358208,Male
26.92464604079362,0.2651685393258425,Female
21.125745787942968,0.29791855203619916,Male
28.790774122977517,0.25031413612565434,Male
25.08781722200841,0.5338135593220338,Female
33.89378805134881,0.5521341463414632,Male
32.933381026753956,0.2400000000000001,Male
22.316030050104395,0.3111340206185567,Male
26.14039220382363,0.40004629629629634,Female
21.236762942456163,0.29286343612334803,Male
23.69876019523343,0.39364161849710994,Female
38.500752158969824,0.9563793103448274,Female
24.768564755774488,0.8128846153846152,Male
26.415682758143422,0.3629207920792079,Male
28.61196243457832,0.28352564102564104,Male
25.875369361074572,0.5597794117647056,Male
24.776112374921382,0.3601562499999999,Male
22.961777384993095,0.23108527131782938,Male
27.028700365627138,0.525287356321839,Male
35.09871445136582,1.1294805194805198,Male
29.21356152895749,0.393452380952381,Male
24.123494810079308,0.29832432432432426,Male
30.123559704643082,1.0580263157894736,Male
27.64007320198805,0.37305732484076415,Male
25.407817813649896,0.2430769230769233,Female
21.136643644121833,0.3151666666666666,Female
29.251234178269296,0.29816513761467894,Male
21.264708586587677,0.3789655172413791,Female
22.869326141151827,0.4208843537414965,Male
28.801609108824092,0.27626728110599075,Male
26.883427410600365,0.4105185185185184,Female
16.754692969532805,0.29663551401869165,Female
33.031558678045954,0.6237999999999997,Male
25.3421283896276,0.2976315789473684,Male
25.981526760457648,0.32504032258064497,Female
31.405972463185613,0.6639726027397261,Male
29.546019713278525,0.31470588235294117,Male
20.884819469785583,0.3015625,Female
27.937145718473843,0.407102803738318,Male
30.061227570632152,0.31236024844720506,Male
21.77874357667587,0.43460526315789466,Male
23.9308245600563,0.3480813953488372,Male
24.854815855435696,0.34318181818181814,Male
30.588558232749037,0.42315533980582554,Male
32.30929288131242,0.27693548387096756,Male
21.702410050826636,0.34395209580838315,Male
34.67400664050366,0.8512727272727273,Female
28.65600134140759,0.48993103448275865,Male
26.141218259231938,0.5877142857142857,Female
23.070176242895986,0.22253424657534251,Male
33.9519588245494,0.7723188405797101,Female
34.52138100988433,0.36775193798449607,Male
26.60647757286025,0.32975845410628,Male
26.979186463457363,0.3263285024154589,Male
28.671295660251268,0.3560583941605839,Female
24.93275266696007,0.23453947368421052,Male
30.415562037717223,1.0515909090909084,Male
34.659012254385814,0.37815068493150683,Male
32.48126354988543,0.5981818181818179,Male
23.72606376010369,0.27897260273972574,Female
26.004185315818134,0.43813471502590684,Male
32.25443055202027,0.3515499999999999,Male
26.54788372124337,0.7567032967032967,Female
27.444797787613126,0.2583333333333333,Male
22.457616297498646,0.30756097560975604,Female
25.004890332059077,0.3911678832116788,Female
28.356177994692572,0.479955156950673,Male
24.843243806143374,0.5282119205298016,Female
27.80852249614759,0.8654411764705878,Female
24.059936880091715,0.35034965034965015,Female
27.096362564742467,0.2671515151515152,Male
25.452172858663545,0.7269411764705881,Male
29.35231214388738,0.7629245283018868,Male
24.253453904619786,0.48465608465608445,Female
20.667399791478296,0.3154187192118225,Male
31.405622342781758,0.41648437499999974,Female
27.430516297918967,0.23641711229946513,Male
31.8094878266009,0.9462857142857142,Male
25.16498187291562,0.32074074074074055,Male
24.347801167214776,0.6069072164948454,Female
29.80235141014422,0.6083606557377049,Male
26.22242399457097,0.4408333333333331,Female
30.00085867459394,0.8638144329896907,Female
23.179927687895116,0.32729559748427667,Male
29.500566633423844,0.2917613636363638,Male
23.088676698553513,0.3344936708860761,Female
25.06337550539968,0.290360824742268,Male
27.139042901968878,0.38324175824175827,Female
29.666181881383025,0.2881045751633986,Male
26.371154679485855,0.6357317073170731,Male
27.612703463308144,0.36355769230769225,Female
23.621293019924174,0.2709134615384616,Male
28.41184175544891,0.3239634146341462,Female
38.49227697647483,0.8639506172839506,Male
26.43968745545028,0.37352941176470617,Female
20.366435315358316,0.3504444444444445,Female
22.231408200030845,0.30701657458563547,Male
21.993075613068406,0.3753658536585362,Female
31.58568356939321,0.29294685990338165,Female
27.96875845396046,0.2705988023952099,Male
28.279972505493873,0.3144374999999999,Female
27.644047740282282,0.21266009852216752,Male
24.536469341843397,0.5776799999999999,Female
24.375584604557137,0.3460591133004926,Male
25.24149187059618,0.3090173410404624,Male
20.864367434647527,0.3654237288135595,Female
22.845122746428885,0.5627272727272725,Female
24.94932986645387,0.5663551401869157,Female
29.08820003324121,0.2422966507177034,Male
30.499469010174685,0.35010204081632645,Male
22.865506820117137,0.4447619047619048,Male
30.771781982430692,0.3817333333333332,Male
21.03300137580419,0.3164935064935064,Male
28.688781846456827,0.28291479820627796,Male
21.29947542943617,0.38071823204419875,Male
23.99365663695942,0.35669683257918533,Male
28.929928485249775,0.2999014778325123,Male
19.97756952618016,0.23039999999999983,Male
25.28217745638761,0.3224354243542438,Male
25.76667535494291,0.20732142857142863,Male
24.497208541928636,0.32867132867132887,Female
23.66534137446536,0.7986734693877552,Female
29.955211252180767,0.2645,Male
23.56170133709632,0.21555066079295154,Male
21.370355605837606,0.3913492063492063,Male
20.99007045205455,0.22794871794871796,Male
42.945155052747175,0.5481521739130436,Male
23.125359461849207,0.41186666666666666,Female
29.56687592535355,0.30771604938271596,Male
31.22804135630929,0.29350993377483464,Male
29.483083145643505,0.4320720720720721,Male
27.965339677724966,0.23160493827160483,Male
26.8508977016584,0.4947058823529413,Female
20.203392971055713,1.0285937499999998,Female
26.631871240902733,0.25730263157894734,Male
26.30286316237009,0.2774331550802139,Male
21.361527158953898,0.408562874251497,Female
28.883456831242572,0.5414893617021275,Female
21.3999400165755,0.35427272727272713,Male
22.681500529552785,0.3496373056994818,Male
34.857392087068725,0.5903030303030303,Male
19.4605584307758,0.2664383561643835,Female
38.48833869063567,0.8914117647058823,Male
45.95986491165663,0.4344585987261144,Male
22.88544732134912,0.3140624999999998,Male
26.59159844172326,0.2395817490494296,Male
26.9344729499029,0.19531645569620257,Male
25.46511788929858,0.6105691056910569,Male
38.27221841148392,1.226,Male
25.896393968295264,0.42823943661971836,Female
26.319300136611563,0.40672566371681396,Female
22.226181292059845,0.3079136690647482,Male
23.63566888806913,0.33011560693641595,Male
26.905341248243403,0.4188000000000001,Female
18.57532206707463,0.5892079207920791,Female
28.449552589860268,0.30103448275862066,Female
22.89317351892361,0.2923287671232877,Male
22.91163041126552,0.6803030303030301,Female
31.111336199082576,0.554040404040404,Female
28.149357912269757,1.2070422535211267,Male
23.56894224855595,0.33614999999999995,Female
23.76998859891171,0.3089247311827955,Male
24.633664863686327,0.24,Female
26.764538621807265,0.29059479553903345,Male
24.955100820569644,0.21849056603773567,Male
28.556887876099218,0.3388167938931298,Female
24.495707213487517,0.29826086956521736,Female
25.83618040306703,0.27582781456953637,Male
24.933735178986048,0.3855479452054795,Female
25.870857207944578,0.22466063348416296,Male
26.57565545881788,0.22014814814814812,Female
23.906393178611438,0.2914516129032257,Female
37.344037338526974,0.514776119402985,Male
25.769016727401088,0.29772058823529424,Male
30.94275759127968,0.30209677419354847,Male
21.541254209248777,0.3944615384615384,Male
26.28821836573065,0.7038095238095238,Male
25.633188945552035,0.3315151515151515,Male
26.983986207014876,0.33974358974358954,Female
38.27293382044435,0.3442,Male
30.979782851884984,0.4046218487394957,Male
25.193440784674966,0.362642857142857,Female
21.667926255492763,0.4733854166666666,Female
25.928453395152204,0.3288235294117648,Female
32.82054818985785,0.4405228758169936,Female
24.891850768341282,0.29687179487179505,Male
25.690331127212357,0.30406862745098023,Female
30.16177774584833,0.36443877551020404,Male
24.33707583752411,0.4369523809523812,Male
28.880391225958885,0.46562962962962967,Male
28.109446508993646,0.31586592178770945,Male
26.643607010858293,0.42057142857142854,Male
26.123965743087947,0.4227419354838712,Male
24.56719719934586,0.9911956521739131,Male
29.444734159209723,0.3883333333333332,Male
28.04043200375451,0.5406611570247933,Male
29.84856243179715,0.29737777777777763,Female
22.745668141360454,0.26723404255319144,Male
27.58806125555395,0.2648163265306122,Male
22.705932563225744,0.5132592592592593,Female
34.392282470314186,0.5275714285714285,Male
30.89089013438075,0.21468571428571426,Male
23.8697378032466,0.2906756756756758,Male
25.37731051356594,0.3763432835820897,Female
23.052248144259572,0.29757142857142865,Male
25.995121969329478,0.3825675675675674,Female
36.565215044416234,1.0785882352941178,Female
29.312579999849547,0.8104950495049502,Male
27.993523453148676,0.3468217054263565,Male
31.314952370187942,0.26899328859060406,Male
30.58976528796796,0.5017796610169489,Male
21.12912744099838,0.3626589595375723,Male
24.187597188859872,0.24432038834951442,Male
28.847977976876646,0.44413333333333355,Male
37.236350701107305,1.39038961038961,Male
28.335495545135945,0.37589041095890424,Male
26.505249226541828,0.25648,Male
33.37582722331384,1.045373134328358,Male
27.069114087699436,0.37004566210045664,Male
29.975111720419907,0.3470949720670391,Female
22.369584335898693,0.3438834951456309,Female
26.85161594418597,0.2771428571428571,Male
24.508180254722106,0.3367808219178082,Female
27.65347811111901,0.3780405405405404,Male
26.200143398268906,0.26410071942446045,Male
30.818691747535265,0.40168224299065425,Female
14.51835762578773,0.2515023474178403,Female
31.433959715636725,0.638611111111111,Male
25.587529911221253,0.29544554455445526,Male
25.078173202289594,0.32745856353591146,Female
28.428471798478377,0.7843877551020408,Male
33.64756058436661,0.33668639053254446,Male
21.674196443680774,0.24336134453781536,Female
27.15562469062483,0.4349999999999999,Male
29.678089556167865,0.3234999999999999,Male
25.222312304498217,0.3039705882352942,Male
24.822999482076767,0.27290780141843973,Male
26.57404915235021,0.3133620689655172,Male
29.452817878381083,0.3609302325581395,Male
30.466734738275516,0.3346258503401361,Male
24.172332670341955,0.3278145695364239,Male
39.08167926362014,0.9897619047619046,Female
31.16716748254614,0.5210000000000001,Male
26.035691563846868,0.5599999999999997,Female
24.415434509320743,0.21455696202531635,Male
37.499194614293216,0.8781132075471697,Female
33.91814303923282,0.3727205882352942,Male
25.17300943540595,0.341139240506329,Male
24.70081556028985,0.30978102189781015,Male
24.661582437748518,0.37000000000000005,Female
25.94574775096141,0.2246534653465344,Male
29.37644812967724,1.2229347826086951,Male
37.99429495543121,0.3431884057971014,Male
29.092754711329597,0.414639175257732,Male
25.370371631653164,0.28015228426395944,Female
28.12208370943555,0.3841212121212123,Male
33.482745952184914,0.3617333333333338,Male
33.619058249325036,0.860533333333333,Female
25.549669208061214,0.24256097560975629,Male
22.547718620860334,0.2591780821917809,Female
21.26379558616763,0.35932098765432097,Female
31.545108668302376,0.4394300518134716,Male
26.060878651233956,0.48574074074074075,Female
25.45149282243421,0.6487012987012984,Female
24.331912903881662,0.39227272727272705,Female
25.456473384910968,0.24414634146341455,Male
29.28243548125154,0.8561904761904762,Male
26.624801483740825,0.6483898305084744,Male
24.209834952004226,0.397142857142857,Female
22.21320858021424,0.295655737704918,Male
32.06723688799937,0.47303999999999974,Female
29.950996668576067,0.23506849315068504,Male
28.10714648431247,1.0484146341463416,Male
23.549647732417323,0.2934020618556703,Male
25.573669045753487,0.6186999999999999,Female
27.213035514956356,0.5883333333333335,Male
23.250806228208027,0.4885496183206105,Female
31.5984697262802,0.9297029702970298,Female
24.346562483161815,0.2806756756756756,Male
31.05645548165327,0.3309638554216867,Male
24.609369335892566,0.2923622047244096,Female
23.91033497039633,0.2687857142857143,Male
27.76315367633462,0.3255696202531647,Female
32.36988145294487,0.27235023041474643,Male
28.417715002631677,0.8185106382978725,Male
28.457649180854062,0.3843119266055046,Female
19.106278148333317,0.3606741573033707,Male
23.642707020423707,0.34251851851851844,Female
37.38790904311533,0.6225396825396825,Male
25.674661452983496,0.3262962962962965,Female
18.835413017169678,0.3916129032258065,Female
22.001451812367105,0.3208588957055217,Male
20.63336577363414,0.35245714285714275,Female
26.740037081251536,0.28936305732484074,Female
27.888808261402744,0.24389105058365762,Male
29.236509600892678,0.2989032258064517,Female
25.80882626387297,0.21839622641509426,Male
24.069305773334445,0.49198113207547167,Female
26.58549498575644,0.30701612903225806,Male
23.690412169686727,0.276601941747573,Male
19.38649297935358,0.3206488549618321,Female
32.07492578720917,0.5710112359550562,Female
23.500936183678597,0.4840833333333336,Female
26.22801327795752,0.23182857142857147,Male
28.886436805968245,0.3807692307692309,Male
27.04989238290368,0.3878070175438597,Male
28.78743349619729,0.35448717948717956,Male
24.058606206150408,0.29224999999999973,Male
26.74867324092442,0.2786637931034483,Male
25.799392137997767,0.3604615384615385,Male
25.156759155430247,0.31369791666666663,Male
27.194237236646565,0.2754037267080745,Male
20.273365470944828,0.2454464285714286,Male
28.233315497678273,0.2737062937062937,Male
25.26601353204437,0.1928488372093023,Male
26.24891180016653,0.3569325153374232,Female
21.593386515436265,0.5584955752212389,Female
28.793148254454614,0.29326797385620906,Male
24.91226449126324,0.21368600682593875,Male
21.292946389681624,0.31736842105263147,Male
23.05488267150854,0.2691256830601092,Male
36.12088340302913,0.7664220183486238,Male
22.518382324514615,0.33521276595744653,Female
31.151781518282363,0.34559139784946225,Male
29.900287459475546,0.3531976744186045,Male
32.097845978614345,0.3915151515151513,Male
31.57948715848818,0.2420833333333334,Male
27.13695090428064,0.5399212598425194,Female
29.822572658726607,1.0584313725490198,Female
24.599219775824846,0.28346820809248563,Male
23.843195650369434,0.3138916256157636,Male
23.41812267975093,0.41452380952380935,Female
27.48507728230831,0.4955882352941175,Female
18.758437840899926,0.31033707865168536,Male
24.70131969015803,0.3424581005586591,Male
27.843760367357962,0.5896747967479676,Male
22.646152469340883,0.2754066985645933,Female
25.269012896885744,0.532828282828283,Male
41.2890491002299,0.44279411764705856,Male
20.11997223012006,0.3655128205128204,Male
27.330651620406538,0.2293034825870646,Male
27.947638247374762,0.21227091633466147,Male
26.317869325599585,0.6783999999999999,Male
31.49031954027927,1.2803389830508474,Male
29.750638857693033,0.41909090909090896,Female
27.710709321154205,0.4751200000000001,Female
25.32509379815782,0.2957281553398056,Male
24.006856384649637,0.38204379562043805,Male
29.103311920488245,0.42242424242424237,Female
19.843185095775386,0.49330645161290326,Female
27.924879210085713,0.3039010989010989,Female
24.400598598721118,0.3041525423728815,Male
26.536838833280424,0.5761068702290078,Female
32.23721025242275,0.5372413793103451,Female
27.515924107988248,0.7821052631578945,Male
26.146010581017812,0.283125,Female
28.04000381815914,0.27850931677018637,Male
24.76530168854579,-71562.20812206573,Female
27.16698097401412,0.27906976744186035,Male
24.956513751179017,0.17860215053763429,Male
26.866423934705608,0.3424590163934425,Female
22.473701734633345,0.3023188405797102,Female
25.340327231680153,0.3052808988764046,Male
25.06044039650598,0.36688622754490985,Female
25.42378665387684,0.2898654708520179,Male
28.543583101115466,0.2881159420289857,Female
28.129470770237063,0.2953623188405796,Female
32.743272741166955,0.485228758169935,Male
22.559505121457875,0.2982285714285714,Male
28.43625413644544,0.2944508670520229,Male
22.05561980053805,0.30225,Male
23.446438552688875,0.6355223880597015,Male
25.2008575001092,0.33968750000000014,Male
28.268950589591586,0.3973652694610777,Female
38.99848872092556,0.3869892473118279,Male
32.521829846198685,0.3471428571428572,Male
27.727429803162376,0.3835416666666665,Female
20.539854970771195,0.47309523809523796,Female
26.569889592191597,0.31762195121951187,Female
28.213856507493745,0.40458874458874483,Female
24.47008560721319,0.2912154696132598,Male
22.993556479210824,0.28382470119521896,Female
28.594824774805474,0.3988976377952756,Male
24.176708151651027,0.36278106508875746,Male
29.05152771448849,0.36974842767295596,Male
29.267820467924718,0.27284482758620676,Male
23.898431375452944,0.43761904761904774,Male
26.043485331834617,0.4194927536231884,Male
26.579387030734086,0.6019767441860465,Male
28.767421115629645,0.3904838709677421,Male
31.75235827982006,0.4101333333333331,Male
23.616161987843785,0.30942675159235666,Female
26.29992234406182,0.26348314606741585,Male
28.298241492197935,0.23533707865168532,Male
25.03149201564571,0.33111111111111097,Female
36.0605877823803,0.4417605633802814,Male
33.73571749796785,0.2494466403162054,Male
23.450466210899084,0.2922649572649573,Male
24.760233311472504,0.42465240641711227,Female
21.97477644273431,0.312238095238095,Male
24.087795222987857,0.3908379888268156,Female
35.084003867128956,1.1466,Female
26.932393390872218,0.8263953488372092,Male
27.608408000067428,0.33447154471544693,Male
31.910893079608172,0.23759036144578302,Male
29.358636523883785,0.5245283018867926,Male
21.895921840289056,0.37401459854014585,Male
23.534895539924047,0.2629333333333333,Male
25.17713168140673,0.5239423076923079,Male
34.41227402884435,1.0901724137931035,Male
27.46270713013622,0.3958219178082192,Male
26.316259718647046,0.3354098360655738,Male
23.912469070866294,1.1313043478260871,Male
26.955242223344932,0.35038043478260844,Male
30.238011225842225,0.30175824175824184,Female
22.13396538505066,0.2956830601092895,Female
27.41088437319543,0.2867555555555555,Male
24.201776596647644,0.3334146341463416,Female
32.461531520493565,0.3338255033557047,Male
28.858518137339434,0.29566473988439307,Male
26.771443952202812,0.4924264705882353,Female
15.584673845706813,0.25784810126582275,Female
30.70115637921566,0.8334693877551017,Male
23.12011957677547,0.25620879120879136,Male
26.71433778164324,0.3755970149253731,Female
28.914339109184276,0.6691791044776119,Male
27.661022502905777,0.3144796380090499,Male
21.482095915109657,0.28634259259259265,Female
27.364449214234227,0.46383333333333354,Male
28.228896403455167,0.3403378378378378,Male
25.029402129390878,0.35690476190476184,Male
29.28272589630089,0.3020304568527918,Male
28.06258793444155,0.3876146788990823,Male
32.676479370251336,0.3930075187969921,Male
35.437125782162234,0.41307317073170746,Male
21.21005199694084,0.33005747126436796,Male
36.36075788750819,0.9418518518518524,Female
31.42772514304525,0.5107547169811322,Male
22.65544734515083,0.5712195121951219,Female
24.77444468752365,0.24995145631067955,Male
35.1009781885689,0.8429347826086958,Female
34.446635870395816,0.40172093023255817,Male
33.90421926805599,0.36221311475409834,Male
23.258975147960097,0.32926136363636355,Male
24.55177717075912,0.38599999999999984,Female
26.813638599145,0.2496116504854366,Male
28.800955372207884,1.040806451612903,Male
35.851234283484786,0.3746818181818184,Male
33.245722091914146,0.5611224489795917,Male
22.919627063153225,0.251095890410959,Female
28.150261034268958,0.4054589371980676,Male
33.06925056041961,0.3520467836257309,Male
26.07143842620444,0.8095555555555559,Female
26.76002567038117,0.2634246575342466,Male
21.1173887983179,0.301090909090909,Female
24.44905827097336,0.37977142857142837,Female
29.88639622916332,0.4570303030303029,Male
27.09368029442863,0.5083206106870232,Female
24.926765804064203,0.6805681818181815,Female
28.515509849569504,0.4551327433628319,Female
27.94411651068852,0.23718750000000002,Male
25.087529597313402,0.9654128440366966,Male
30.35252649955756,0.7006293706293705,Male
22.631478045275504,0.5643609022556391,Female
20.590648523765385,0.30896296296296305,Male
34.75670513861391,0.4895918367346937,Female
30.468850152410393,0.29628252788104104,Male
29.845108913694563,0.7567326732673264,Male
22.861644560996037,0.300561797752809,Male
25.911746347126222,0.5608870967741935,Female
29.84035798434444,0.5847826086956521,Male
23.1340025747107,0.3966141732283461,Female
35.43552841829215,0.9872857142857143,Female
21.44565661231552,0.40327433628318593,Male
29.15864196564112,0.3347549019607844,Male
25.451230443664834,0.3216129032258065,Female
22.27791866162676,0.27640287769784166,Male
24.787665368984733,0.36993865030674833,Female
31.625366441738418,0.24359756097560978,Male
30.006486802573363,0.7817741935483868,Male
27.387661949372,0.5178571428571428,Female
20.05953513683264,0.30655172413793114,Male
22.837855098790097,0.33730496453900705,Female
34.28638813055728,0.5459550561797752,Male
26.584215727976776,0.40983050847457614,Female
16.072266017922225,0.3936129032258064,Female
25.74806849473183,0.2701408450704226,Male
21.768776590525825,0.36240223463687143,Female
27.36448479389054,0.26907142857142863,Female
27.72546172488039,0.23587301587301593,Male
29.535903224287484,0.3108666666666668,Female
28.11377673878661,0.21622317596566532,Male
23.43957763559868,0.5416260162601624,Female
25.282354185225664,0.3286243386243385,Male
20.327798589499213,0.3037234042553193,Male
23.959637212683536,0.3532231404958679,Female
23.383230720720523,0.6916279069767444,Female
22.999064370558855,0.660300751879699,Female
28.956672144911057,0.2571487603305786,Male
27.359451890211098,0.3882608695652172,Male
23.0467473796332,0.4590062111801241,Male
28.36050805579774,0.3445098039215685,Male
20.900219575002467,0.2859313725490194,Male
26.618603492460288,0.24362204724409448,Male
23.22735120005705,0.3637062937062937,Male
24.369371402052597,0.3384827586206896,Male
27.93302329745721,0.27016574585635356,Male
19.840975843178562,0.25292682926829263,Male
29.01186341916014,0.29914529914529914,Male
26.102480382326608,0.2025555555555555,Male
28.4889594487953,0.30353846153846153,Female
19.628713115955343,0.5550515463917526,Female
30.680290661387467,0.2653793103448276,Male
26.856767556535875,0.2004918032786884,Male
20.3671003016124,0.3189873417721517,Male
19.890804977564294,0.25289215686274513,Male
38.99835155976513,0.7814925373134326,Male
23.573507576839347,0.388957055214724,Female
30.31748444546165,0.3505681818181817,Male
27.75033128693214,0.3496363636363639,Male
32.065816313078074,0.4151181102362203,Male
31.219968409366935,0.25662447257383975,Male
27.536560816196722,0.4175722543352599,Female
25.940728297588276,1.1742857142857142,Female
26.307517124685095,0.23990950226244337,Male
23.65884506844202,0.2838068181818182,Male
20.877069633289363,0.3726737967914437,Female
25.754072247751726,0.5037681159420285,Female
23.933525776484224,0.31456521739130416,Male
24.175133222679364,0.3329927007299269,Male
30.252780101624076,0.5407741935483874,Male
18.852925110354025,0.22466192170818494,Female
26.694270753213473,0.792886597938144,Male
32.66372655717953,0.3734701492537311,Male
20.18539605873177,0.36162895927601807,Male
27.87691196051656,0.22585253456221185,Male
25.978197479407264,0.2203196347031964,Male
29.468007142342795,0.703255813953488,Male
32.90906670652948,1.0937037037037034,Male
29.73692899151887,0.3741911764705882,Female
23.251267717313606,0.4112903225806451,Female
26.287854883634534,0.27419161676646703,Male
23.388186629555427,0.33257352941176466,Male
30.027865896281867,0.4065,Female
21.05486986711889,0.5897979797979798,Female
28.04721502705134,0.30148437499999975,Female
23.860114637981837,0.28153110047846897,Male
23.344467389649786,0.554057971014493,Female
36.4104496487778,0.4575000000000002,Female
26.02757462021501,0.6840624999999999,Male
23.941033869828196,0.3219000000000001,Female
24.63786806481264,0.2984337349397591,Male
26.446505098826673,0.2847272727272727,Female
27.813176821239963,0.27615044247787607,Male
27.11536459157914,0.19264822134387372,Male
27.509378281450616,0.33962616822429914,Female
24.584283583697978,0.29073593073593074,Female
26.758643353597122,0.26464999999999994,Male
22.65564697698864,0.36219512195121945,Female
26.340993343971526,0.31968036529680366,Male
26.27235840893013,0.2845962732919255,Female
25.934709985329548,0.28848484848484823,Female
33.289235118766264,0.4929383886255924,Male
24.38249816734008,0.2755223880597017,Male
27.71409508577525,0.3299999999999998,Male
20.964866663142278,0.3280124223602486,Male
28.131975665845253,0.8005263157894738,Male
22.60112146163927,0.36017543859649115,Male
27.37315782601637,0.407295918367347,Female
36.138125586237365,0.3721428571428576,Male
33.82979670235515,0.3840625,Male
24.441475620529907,0.3262264150943395,Female
19.586006176402268,0.44545454545454505,Female
26.571351695237464,0.35380434782608655,Female
30.83678997535643,0.3611377245508983,Female
22.23015031598755,0.32947115384615394,Male
23.35701909481287,0.2864687500000001,Female
31.003922648280735,0.3858125,Male
25.450301097345935,0.41226027397260256,Male
25.834934007111258,0.5179545454545452,Male
28.02132719396091,0.32486111111111093,Male
26.687110369159495,0.4137383177570092,Male
31.136786767720974,0.3589285714285713,Male
24.330211949267166,0.6472916666666667,Male
29.339374912232586,0.35090225563909766,Male
29.90023271427537,0.4648780487804876,Male
26.335136663520615,0.24151041666666664,Female
23.817488783623702,0.2444444444444443,Male
29.38755994208862,0.24352040816326517,Male
23.492468518658224,0.44387283236994207,Female
36.7103807610392,0.44276595744680824,Male
31.654525251424676,0.25465517241379326,Male
23.721320545474015,0.3050000000000001,Male
24.850791283670944,0.4108854166666665,Female
20.93736071876683,0.30675799086757966,Male
23.396645458358737,0.3701515151515151,Female
35.71239883547844,1.0938144329896906,Female
26.368643716275237,0.8551485148514845,Male
25.552964945627917,0.2884888888888888,Male
29.957239136807715,0.2499999999999998,Male
27.483891782825722,0.5595412844036696,Male
23.102156097922258,0.36651583710407226,Male
23.563547002500155,0.24703349282296655,Male
25.979455952432467,0.4892105263157894,Male
39.812698101433035,1.3698666666666663,Male
28.80961125302392,0.37130434782608684,Male
22.282009624192465,0.3212820512820513,Male
27.748313902104414,1.3653225806451614,Male
26.03068287499184,0.3215086206896552,Male
29.96556019638962,0.2863414634146343,Female
20.249921870184345,0.33247126436781566,Female
26.93291538039767,0.2618181818181819,Male
22.522516451343254,0.41993670886075946,Female
26.97431827552031,0.3449253731343282,Male
22.071979199745066,1.4632692307692305,Male
